student_id,first_name,last_name,classroom,email_address
1,Lars,Shorthill,2,lshorthill0@miibeian.gov.cn
2,Des,Downage,4,ddownage1@techcrunch.com
3,Cele,Joddins,10,cjoddins2@oakley.com
4,Corney,Conew,8,cconew3@reverbnation.com
5,Rouvin,Lednor,8,rlednor4@europa.eu
6,Pamelina,Buesnel,8,pbuesnel5@sciencedirect.com
7,Ber,Flescher,4,bflescher6@blinklist.com
8,Kyla,Harbin,7,kharbin7@eventbrite.com
9,Alain,Auston,9,aauston8@networksolutions.com
10,Sharla,Linnell,3,slinnell9@netvibes.com
11,Fredelia,Dorwood,6,fdorwooda@bloglovin.com
12,Vincenty,Blanchflower,7,vblanchflowerb@unblog.fr
13,Jeffry,Flawith,7,jflawithc@hud.gov
14,Garvin,Arendsen,1,garendsend@rediff.com
15,Terencio,Fley,4,tfleye@google.com.au
16,Zonda,Bumpass,8,zbumpassf@wp.com
17,Svend,Tofts,1,stoftsg@ask.com
18,Trish,Pren,3,tprenh@home.pl
19,Isa,Salmons,9,isalmonsi@businessweek.com
20,Stu,Skahill,1,sskahillj@zdnet.com
21,Quinn,Bumford,1,qbumfordk@alexa.com
22,Clarine,Kener,8,ckenerl@fda.gov
23,Karlan,Shoute,3,kshoutem@hostgator.com
24,Arte,Kellitt,6,akellittn@flickr.com
25,Bil,Speake,3,bspeakeo@is.gd
26,Lynna,Lemin,10,lleminp@tuttocitta.it
27,Casandra,Dight,10,cdightq@netscape.com
28,Correna,Knight,6,cknightr@umn.edu
29,Darell,Dewi,3,ddewis@g.co
30,Darda,Piscotti,4,dpiscottit@github.com
31,Clerissa,Walding,3,cwaldingu@wp.com
32,Hubey,Sineath,2,hsineathv@hatena.ne.jp
33,Abeu,Lowne,9,alownew@usda.gov
34,Orville,Ceyssen,7,oceyssenx@mac.com
35,Karyn,Galfour,6,kgalfoury@slate.com
36,Margalo,Downing,2,mdowningz@cafepress.com
37,Phineas,Kirkebye,5,pkirkebye10@amazon.com
38,Dianne,Ankers,10,dankers11@dot.gov
39,Keir,Luxon,4,kluxon12@usa.gov
40,Mary,Ansteys,4,mansteys13@surveymonkey.com
41,Reginald,Leason,2,rleason14@instagram.com
42,Avril,Buttress,2,abuttress15@google.com.br
43,Nickie,Methingam,9,nmethingam16@europa.eu
44,Cate,Ingon,3,cingon17@pinterest.com
45,Shell,Measey,9,smeasey18@imageshack.us
46,Morton,Washtell,9,mwashtell19@netscape.com
47,Warde,Maldin,3,wmaldin1a@blogtalkradio.com
48,Letti,Finch,7,lfinch1b@theguardian.com
49,Valentijn,Shewsmith,10,vshewsmith1c@rediff.com
50,Glenden,Avramov,7,gavramov1d@webeden.co.uk
51,Shaina,Duffell,1,sduffell1e@51.la
52,Nathalia,Lilley,8,nlilley1f@blogger.com
53,Ailee,Snawden,4,asnawden1g@edublogs.org
54,Rockie,Delagnes,6,rdelagnes1h@samsung.com
55,Nolana,Rance,7,nrance1i@over-blog.com
56,Phaidra,Churchill,6,pchurchill1j@engadget.com
57,Elyse,Jarmaine,5,ejarmaine1k@timesonline.co.uk
58,Sashenka,Islip,5,sislip1l@mapquest.com
59,Stefa,Brackpool,10,sbrackpool1m@toplist.cz
60,Ester,Sleeford,3,esleeford1n@mapy.cz
61,Norine,Volleth,2,nvolleth1o@about.me
62,Sergeant,Rapo,1,srapo1p@soup.io
63,Kalie,Gullivan,6,kgullivan1q@hc360.com
64,Anna-diana,Monteath,5,amonteath1r@bluehost.com
65,Tani,Geeson,8,tgeeson1s@statcounter.com
66,Tara,Paddemore,2,tpaddemore1t@istockphoto.com
67,Sascha,Job,5,sjob1u@miibeian.gov.cn
68,Shanna,Goulter,3,sgoulter1v@com.com
69,Karoly,Blazejewski,7,kblazejewski1w@senate.gov
70,Aaron,Bartos,2,abartos1x@google.it
71,Christabel,Linke,10,clinke1y@moonfruit.com
72,Lucie,Riply,1,lriply1z@baidu.com
73,Oby,Kapelhof,9,okapelhof20@ox.ac.uk
74,Thia,Ruthen,6,truthen21@jalbum.net
75,Raoul,Ashlee,3,rashlee22@paginegialle.it
76,Justus,Heatlie,3,jheatlie23@nationalgeographic.com
77,Hermie,Kehri,4,hkehri24@tripadvisor.com
78,Cristin,Purchall,2,cpurchall25@tripadvisor.com
79,Ximenes,Wauchope,9,xwauchope26@phoca.cz
80,Krissie,Ledes,2,kledes27@examiner.com
81,Paige,Vanezis,2,pvanezis28@unicef.org
82,Kristoffer,Chicco,6,kchicco29@sphinn.com
83,Cristal,Geeraert,5,cgeeraert2a@google.it
84,Camella,Lyttle,2,clyttle2b@tmall.com
85,Zelda,Roubottom,3,zroubottom2c@ucla.edu
86,Jo-anne,Pancoast,6,jpancoast2d@google.com.br
87,Petrina,Munson,9,pmunson2e@pen.io
88,Alanah,Donativo,4,adonativo2f@businessweek.com
89,Othilie,Timmes,5,otimmes2g@topsy.com
90,Aurore,Winterburn,4,awinterburn2h@live.com
91,Amalia,Dyke,4,adyke2i@blogger.com
92,Sabina,Thickett,6,sthickett2j@washington.edu
93,Alecia,Aishford,10,aaishford2k@taobao.com
94,Ariadne,Rusk,8,arusk2l@barnesandnoble.com
95,Aloysia,Lacer,3,alacer2m@51.la
96,Kirsti,Hightown,9,khightown2n@dailymail.co.uk
97,Judie,Ohanessian,4,johanessian2o@princeton.edu
98,Richmound,Olliar,6,rolliar2p@npr.org
99,Ingemar,Duns,9,iduns2q@addthis.com
100,Gena,Frankowski,8,gfrankowski2r@parallels.com
101,Bendite,Bavister,4,bbavister2s@google.es
102,Pren,McAvey,3,pmcavey2t@amazon.co.uk
103,Lotti,Birds,9,lbirds2u@facebook.com
104,Sherry,Marston,6,smarston2v@huffingtonpost.com
105,Coral,Belcham,6,cbelcham2w@blog.com
106,Emili,Robberecht,10,erobberecht2x@weather.com
107,Robbi,Kiddey,10,rkiddey2y@ebay.co.uk
108,Sonni,Grundwater,4,sgrundwater2z@pbs.org
109,Tadio,Chapleo,9,tchapleo30@ustream.tv
110,Walt,Pallaske,7,wpallaske31@webeden.co.uk
111,Gustavo,Poulsum,4,gpoulsum32@live.com
112,Aldous,Starling,8,astarling33@aboutads.info
113,Annmarie,Mapis,10,amapis34@altervista.org
114,Jarid,Leng,4,jleng35@dyndns.org
115,Nickolaus,Bridges,10,nbridges36@free.fr
116,Doti,Farnish,5,dfarnish37@example.com
117,Sianna,Dregan,6,sdregan38@imdb.com
118,Elie,Shoobridge,9,eshoobridge39@huffingtonpost.com
119,Amalee,Farady,7,afarady3a@ft.com
120,Renaud,Coldrick,1,rcoldrick3b@omniture.com
121,Fredelia,Boustead,5,fboustead3c@thetimes.co.uk
122,Ansel,Tapin,8,atapin3d@livejournal.com
123,Giavani,Brilon,3,gbrilon3e@ed.gov
124,Agnesse,Salzberger,10,asalzberger3f@macromedia.com
125,Becca,Renehan,4,brenehan3g@marriott.com
126,Lilla,MacFall,6,lmacfall3h@jigsy.com
127,Karleen,Cullnean,3,kcullnean3i@unicef.org
128,Rossie,Piddle,10,rpiddle3j@sbwire.com
129,Gaylord,Rohan,6,grohan3k@pbs.org
130,Warner,Crandon,10,wcrandon3l@mail.ru
131,Floria,Jerrim,2,fjerrim3m@bluehost.com
132,Bud,Jeandin,9,bjeandin3n@github.com
133,Kikelia,Cayford,3,kcayford3o@aol.com
134,Stephine,Gorgl,7,sgorgl3p@hugedomains.com
135,Kerrie,Dohmann,1,kdohmann3q@surveymonkey.com
136,Shadow,Stoffel,1,sstoffel3r@pagesperso-orange.fr
137,Normie,Dicey,5,ndicey3s@epa.gov
138,Rabi,O'Caine,9,rocaine3t@fc2.com
139,Conrade,Kuna,10,ckuna3u@wufoo.com
140,Gawen,de Voiels,7,gdevoiels3v@gizmodo.com
141,Daveta,Caldero,3,dcaldero3w@latimes.com
142,Pancho,Camerana,3,pcamerana3x@bluehost.com
143,Bell,Saylor,1,bsaylor3y@myspace.com
144,Vicki,Sisselot,3,vsisselot3z@cam.ac.uk
145,Marinna,Chandler,1,mchandler40@illinois.edu
146,Keenan,Cattemull,7,kcattemull41@mapquest.com
147,Patric,Grosvenor,1,pgrosvenor42@tiny.cc
148,Julita,Spellard,4,jspellard43@t.co
149,Carri,McClements,1,cmcclements44@tamu.edu
150,Hadria,Hatterslay,7,hhatterslay45@reference.com
151,Sella,Costa,4,scosta46@noaa.gov
152,Adelheid,Yokelman,2,ayokelman47@godaddy.com
153,Cheryl,Osgar,3,cosgar48@ca.gov
154,Hadria,Lavigne,6,hlavigne49@engadget.com
155,Bobina,Dilger,1,bdilger4a@blogtalkradio.com
156,Noni,Chantler,1,nchantler4b@zimbio.com
157,Terry,Pirrie,2,tpirrie4c@prnewswire.com
158,Elnora,Coveley,10,ecoveley4d@miibeian.gov.cn
159,Sibby,Bridie,1,sbridie4e@sciencedaily.com
160,Jeniffer,De Giorgio,2,jdegiorgio4f@csmonitor.com
161,Patricio,Munden,9,pmunden4g@bloglovin.com
162,Adolphe,Kares,6,akares4h@state.tx.us
163,Kenn,Sonschein,3,ksonschein4i@reverbnation.com
164,Katie,Prophet,1,kprophet4j@ehow.com
165,Hagan,Pletts,10,hpletts4k@instagram.com
166,Melisent,Mungin,5,mmungin4l@constantcontact.com
167,Colby,Antalffy,2,cantalffy4m@apache.org
168,Joell,Beaston,10,jbeaston4n@networkadvertising.org
169,Darya,Wallbank,9,dwallbank4o@macromedia.com
170,Jacenta,Lightbourne,8,jlightbourne4p@dailymail.co.uk
171,Tynan,Iveson,9,tiveson4q@cmu.edu
172,Sterne,Durston,7,sdurston4r@webeden.co.uk
173,Zaneta,Ebbins,5,zebbins4s@tmall.com
174,Austen,Robken,1,arobken4t@marketwatch.com
175,Hilde,Swayne,4,hswayne4u@shareasale.com
176,Giustina,Cumo,8,gcumo4v@blogger.com
177,Margit,Cathcart,1,mcathcart4w@t-online.de
178,Linette,O'Boyle,2,loboyle4x@amazonaws.com
179,Vaclav,Footitt,9,vfootitt4y@fema.gov
180,Rutledge,Adamolli,3,radamolli4z@state.gov
181,Dill,Ludee,6,dludee50@cbsnews.com
182,Wilma,Stammer,4,wstammer51@4shared.com
183,Allene,Fransinelli,2,afransinelli52@simplemachines.org
184,Siegfried,Heeney,2,sheeney53@google.ru
185,Darrell,Strutton,2,dstrutton54@marketwatch.com
186,Sharla,Mault,5,smault55@epa.gov
187,Hamlin,Houchin,9,hhouchin56@weebly.com
188,Bronson,Kulic,3,bkulic57@mysql.com
189,Roselia,Newlands,3,rnewlands58@wikipedia.org
190,Thorpe,Meese,7,tmeese59@independent.co.uk
191,Farlie,Benmore,6,fbenmore5a@bloglines.com
192,Jade,Ludlamme,3,jludlamme5b@ustream.tv
193,Tommy,Amort,9,tamort5c@google.nl
194,Albertine,Ells,8,aells5d@washingtonpost.com
195,Jacklin,Pouck,4,jpouck5e@google.ru
196,Jose,Arnaldo,6,jarnaldo5f@bizjournals.com
197,Alaster,Genney,4,agenney5g@techcrunch.com
198,Bibby,Tole,8,btole5h@dedecms.com
199,Niven,Briggdale,3,nbriggdale5i@chronoengine.com
200,Clerissa,O'Hartigan,4,cohartigan5j@economist.com
201,Bevon,Secret,6,bsecret5k@sourceforge.net
202,Maxie,Izod,6,mizod5l@mtv.com
203,Isiahi,Dudin,1,idudin5m@usda.gov
204,Kenton,Oldacres,6,koldacres5n@cisco.com
205,Jazmin,Wallworth,4,jwallworth5o@simplemachines.org
206,Dorie,Dudding,3,ddudding5p@illinois.edu
207,Frieda,Torrijos,5,ftorrijos5q@angelfire.com
208,Danie,Pledge,6,dpledge5r@aboutads.info
209,Andreana,Tyrie,7,atyrie5s@dedecms.com
210,Marwin,Colvie,8,mcolvie5t@salon.com
211,Augustine,Murrie,4,amurrie5u@nps.gov
212,Keenan,Bagniuk,1,kbagniuk5v@geocities.com
213,Dido,Slaight,7,dslaight5w@opensource.org
214,Fremont,Brastead,7,fbrastead5x@ihg.com
215,Grove,Plunket,8,gplunket5y@microsoft.com
216,Hugues,Underwood,9,hunderwood5z@huffingtonpost.com
217,Michaela,Kubik,4,mkubik60@sciencedaily.com
218,Ranice,Pressdee,7,rpressdee61@mit.edu
219,Stacia,McGavin,9,smcgavin62@amazon.co.uk
220,Benjamin,Muttock,3,bmuttock63@cpanel.net
221,Camille,Belch,9,cbelch64@comcast.net
222,Rena,Vasilyev,6,rvasilyev65@bluehost.com
223,Rafaelia,Honsch,4,rhonsch66@surveymonkey.com
224,Jsandye,Seyfart,9,jseyfart67@economist.com
225,Agnella,McGlade,7,amcglade68@businessinsider.com
226,Wilton,Rumble,5,wrumble69@ca.gov
227,Cal,Whiles,7,cwhiles6a@nasa.gov
228,Cortney,Murphey,4,cmurphey6b@mediafire.com
229,Marcille,Gibbeson,8,mgibbeson6c@reference.com
230,Wenda,Lumbly,10,wlumbly6d@nba.com
231,Elora,Evensden,5,eevensden6e@t-online.de
232,Norrie,Tudge,3,ntudge6f@about.com
233,Sascha,Frandsen,5,sfrandsen6g@nyu.edu
234,Ulrikaumeko,Brade,9,ubrade6h@comcast.net
235,Emmy,Smylie,6,esmylie6i@studiopress.com
236,Chere,Nisius,2,cnisius6j@goo.ne.jp
237,Fidelio,Markovic,9,fmarkovic6k@yahoo.co.jp
238,Woody,Wardington,5,wwardington6l@weather.com
239,Reagen,Treharne,5,rtreharne6m@altervista.org
240,Sherwin,Dourin,4,sdourin6n@bigcartel.com
241,Christabel,Noor,1,cnoor6o@eepurl.com
242,Terry,Vero,7,tvero6p@reverbnation.com
243,Molli,Geeson,1,mgeeson6q@sphinn.com
244,Etienne,Ruddock,9,eruddock6r@prweb.com
245,Ardelis,Rosenberger,2,arosenberger6s@issuu.com
246,Verge,Maior,6,vmaior6t@meetup.com
247,Redd,Bertomier,9,rbertomier6u@artisteer.com
248,Hallie,Kearns,8,hkearns6v@ucla.edu
249,Curcio,Manwell,2,cmanwell6w@constantcontact.com
250,Tildi,Pidcock,10,tpidcock6x@about.me
251,Patty,Shank,7,pshank6y@reference.com
252,Giorgia,Deniskevich,8,gdeniskevich6z@admin.ch
253,Dominick,Treppas,9,dtreppas70@webs.com
254,Merilyn,Allkins,1,mallkins71@squarespace.com
255,Ferrell,Danett,3,fdanett72@hp.com
256,Nikolas,Bletcher,8,nbletcher73@ycombinator.com
257,Carena,Opfer,2,copfer74@msn.com
258,Tawsha,Craddock,4,tcraddock75@chicagotribune.com
259,Benedetto,Workman,6,bworkman76@springer.com
260,Aldridge,Everson,5,aeverson77@google.com.au
261,Lenette,Smurthwaite,8,lsmurthwaite78@yellowbook.com
262,Barthel,Aubrun,3,baubrun79@miibeian.gov.cn
263,Lemmie,Dohms,6,ldohms7a@1und1.de
264,Holly-anne,Burns,6,hburns7b@prlog.org
265,Hermione,Huguet,9,hhuguet7c@behance.net
266,Gabriele,Siaspinski,9,gsiaspinski7d@archive.org
267,Bran,Antonio,2,bantonio7e@cafepress.com
268,Lebbie,Billison,6,lbillison7f@spiegel.de
269,Mervin,Boman,5,mboman7g@hud.gov
270,Ari,Shorthill,4,ashorthill7h@apache.org
271,Maison,Lachaize,7,mlachaize7i@1688.com
272,Val,Hackney,4,vhackney7j@census.gov
273,Jany,Penwright,7,jpenwright7k@illinois.edu
274,Indira,Panichelli,6,ipanichelli7l@mozilla.com
275,Ardis,Bridgens,10,abridgens7m@google.com.au
276,Prentice,Robelow,7,probelow7n@omniture.com
277,Mallory,Mendenhall,9,mmendenhall7o@amazon.co.jp
278,Alicea,Bernardino,2,abernardino7p@slideshare.net
279,Rachael,Radleigh,4,rradleigh7q@java.com
280,Sandor,Loggie,2,sloggie7r@economist.com
281,Fina,Dinis,9,fdinis7s@addthis.com
282,Ericka,Talkington,5,etalkington7t@123-reg.co.uk
283,Brad,Wogdon,10,bwogdon7u@scribd.com
284,Dania,McSperron,4,dmcsperron7v@columbia.edu
285,Aurelia,Hulbert,1,ahulbert7w@edublogs.org
286,Virgie,Ettridge,10,vettridge7x@wikimedia.org
287,Jocelyne,O'Lunny,6,jolunny7y@vimeo.com
288,Evie,Raspel,8,eraspel7z@newsvine.com
289,Cyril,Lyte,8,clyte80@examiner.com
290,Bianca,Sotworth,2,bsotworth81@mapquest.com
291,Meghan,Pountain,7,mpountain82@github.com
292,Carleton,Garlant,8,cgarlant83@ftc.gov
293,Bobby,Campelli,1,bcampelli84@disqus.com
294,Rosco,Marco,1,rmarco85@unesco.org
295,Donetta,Espin,2,despin86@scribd.com
296,Hubey,Jansson,4,hjansson87@chron.com
297,Kahaleel,Wayman,6,kwayman88@themeforest.net
298,Mollie,Pock,4,mpock89@google.ru
299,Sig,Loudian,8,sloudian8a@booking.com
300,Asia,Rapier,2,arapier8b@zimbio.com
301,Rhodia,Rudyard,1,rrudyard8c@so-net.ne.jp
302,Felecia,Bloodworth,6,fbloodworth8d@nifty.com
303,Alfons,Igo,7,aigo8e@naver.com
304,Mireielle,Danzig,5,mdanzig8f@quantcast.com
305,Leigha,Snaith,6,lsnaith8g@dmoz.org
306,Beryle,Pettengell,3,bpettengell8h@oracle.com
307,Leyla,Genese,6,lgenese8i@ameblo.jp
308,Tiertza,Wood,10,twood8j@nba.com
309,Dreddy,Petrou,10,dpetrou8k@chicagotribune.com
310,Kale,Auchinleck,7,kauchinleck8l@prnewswire.com
311,Tades,Hein,2,thein8m@earthlink.net
312,Napoleon,Elliot,4,nelliot8n@time.com
313,Willamina,Le Barr,1,wlebarr8o@adobe.com
314,Artur,Bozward,3,abozward8p@ucoz.ru
315,Chickie,Goodbairn,6,cgoodbairn8q@stanford.edu
316,Bryanty,Maykin,4,bmaykin8r@over-blog.com
317,Corey,Naulty,6,cnaulty8s@google.es
318,Maribeth,Duny,3,mduny8t@ustream.tv
319,Vyky,Timby,7,vtimby8u@marketwatch.com
320,Grace,Conroy,3,gconroy8v@washington.edu
321,Jane,Dumbreck,4,jdumbreck8w@slate.com
322,Giulietta,Ricks,10,gricks8x@fda.gov
323,Hedy,Chetwynd,10,hchetwynd8y@nifty.com
324,Beaufort,McIlmorow,10,bmcilmorow8z@amazon.de
325,Evangelia,Tebbitt,5,etebbitt90@w3.org
326,Marika,Raoult,6,mraoult91@bloglines.com
327,Kial,Mingardo,7,kmingardo92@spiegel.de
328,Rex,Siseland,4,rsiseland93@hp.com
329,Carlye,Brigginshaw,4,cbrigginshaw94@stumbleupon.com
330,Margo,Emmett,6,memmett95@cnet.com
331,Madella,Batiste,3,mbatiste96@msn.com
332,Alikee,Paxman,8,apaxman97@slideshare.net
333,Maia,Edgeson,4,medgeson98@last.fm
334,Bethanne,Bernade,8,bbernade99@friendfeed.com
335,Thane,Jancso,8,tjancso9a@europa.eu
336,Clarance,Dik,5,cdik9b@cbslocal.com
337,Mala,Havelin,3,mhavelin9c@mediafire.com
338,Napoleon,Sazio,4,nsazio9d@ca.gov
339,Ethan,Kruschov,2,ekruschov9e@wired.com
340,Carly,Squeers,5,csqueers9f@earthlink.net
341,Bill,Battelle,7,bbattelle9g@twitpic.com
342,Kayla,Slowgrove,7,kslowgrove9h@craigslist.org
343,Celesta,Hurlestone,10,churlestone9i@prnewswire.com
344,Ozzy,Jeanenet,1,ojeanenet9j@theguardian.com
345,Slade,Watkiss,10,swatkiss9k@yolasite.com
346,Nathan,Blatherwick,8,nblatherwick9l@cornell.edu
347,Van,Fobidge,1,vfobidge9m@boston.com
348,Arvy,Purrington,6,apurrington9n@pinterest.com
349,Janie,Perez,7,jperez9o@networksolutions.com
350,Jordan,Windebank,6,jwindebank9p@shareasale.com
351,Janey,Guillou,8,jguillou9q@etsy.com
352,Sigrid,De Filippis,8,sdefilippis9r@seesaa.net
353,Adey,Durdan,4,adurdan9s@ycombinator.com
354,Rolph,Ren,2,rren9t@si.edu
355,Kennie,Twycross,1,ktwycross9u@apache.org
356,Enoch,Overthrow,4,eoverthrow9v@bluehost.com
357,Bartie,Al Hirsi,8,balhirsi9w@guardian.co.uk
358,Jilli,Hartles,6,jhartles9x@uol.com.br
359,Shermy,Oppie,3,soppie9y@elpais.com
360,Fannie,Aizik,4,faizik9z@fastcompany.com
361,Artemas,Kaysor,6,akaysora0@arstechnica.com
362,Bernie,Keech,6,bkeecha1@constantcontact.com
363,Niven,Nand,9,nnanda2@dion.ne.jp
364,Alanah,Dibbert,5,adibberta3@shinystat.com
365,Fianna,Vecard,4,fvecarda4@sogou.com
366,Carroll,Strange,8,cstrangea5@hubpages.com
367,Vinnie,Drinnan,9,vdrinnana6@freewebs.com
368,Vincents,Cordall,6,vcordalla7@illinois.edu
369,Lilian,Frith,4,lfritha8@posterous.com
370,Ingrim,Degg,10,idegga9@spotify.com
371,Janene,Sabie,9,jsabieaa@house.gov
372,Giacinta,Jurca,5,gjurcaab@privacy.gov.au
373,Vachel,Wanjek,6,vwanjekac@home.pl
374,Malina,MacIlwrick,7,mmacilwrickad@sourceforge.net
375,Charis,Paur,6,cpaurae@wufoo.com
376,Verile,Walstow,8,vwalstowaf@ucsd.edu
377,Coletta,Maffiotti,7,cmaffiottiag@bloglines.com
378,Gilberte,Bukowski,5,gbukowskiah@aboutads.info
379,Nikki,Paradine,6,nparadineai@163.com
380,Dallas,McGraith,6,dmcgraithaj@dedecms.com
381,Cherilynn,Gantzman,4,cgantzmanak@networksolutions.com
382,Sephira,Jozwiak,9,sjozwiakal@nasa.gov
383,Betta,Tavener,6,btaveneram@yellowbook.com
384,Fabien,Berdale,2,fberdalean@exblog.jp
385,Inger,Erbain,5,ierbainao@psu.edu
386,Malorie,McIlwrick,5,mmcilwrickap@dailymail.co.uk
387,Ilyse,Jull,4,ijullaq@comcast.net
388,Gerianne,Guiness,3,gguinessar@altervista.org
389,Waldo,Etchingham,1,wetchinghamas@usatoday.com
390,Constantine,Croisdall,9,ccroisdallat@wikipedia.org
391,Anabel,Capelle,9,acapelleau@ycombinator.com
392,Horst,Catcherside,3,hcatchersideav@yellowpages.com
393,Sonni,Dogerty,3,sdogertyaw@ameblo.jp
394,Stormi,Bohike,8,sbohikeax@economist.com
395,Cristal,Josilowski,8,cjosilowskiay@alexa.com
396,Udall,Ewington,10,uewingtonaz@squidoo.com
397,Justis,Lingwood,1,jlingwoodb0@umich.edu
398,Perrine,Cowern,8,pcowernb1@economist.com
399,Barthel,Roundtree,3,broundtreeb2@last.fm
400,Alida,Gillum,3,agillumb3@usatoday.com
401,Pearl,Ziemke,2,pziemkeb4@pagesperso-orange.fr
402,Laure,Nickless,4,lnicklessb5@nytimes.com
403,Lexi,McGill,6,lmcgillb6@bloglines.com
404,Debra,Lammas,6,dlammasb7@berkeley.edu
405,Anthia,Nabbs,6,anabbsb8@flickr.com
406,Gus,Sevior,4,gseviorb9@nyu.edu
407,Adan,Dillingston,3,adillingstonba@latimes.com
408,Upton,Preble,1,upreblebb@japanpost.jp
409,Gustav,Bendson,8,gbendsonbc@livejournal.com
410,Trish,Bartolomucci,10,tbartolomuccibd@bandcamp.com
411,Hermine,Boothebie,3,hboothebiebe@google.com
412,Bobbie,Kohneke,2,bkohnekebf@google.pl
413,Cale,Charrisson,4,ccharrissonbg@oracle.com
414,Magdalen,Henriksson,9,mhenrikssonbh@addthis.com
415,Emelen,Spykings,7,espykingsbi@netscape.com
416,Katha,Banghe,2,kbanghebj@umich.edu
417,Garvey,Sauter,6,gsauterbk@mac.com
418,Karry,Boote,5,kbootebl@mysql.com
419,Mickey,Lavelle,9,mlavellebm@google.cn
420,Krystal,Giamo,9,kgiamobn@arizona.edu
421,Elwin,Whitmarsh,10,ewhitmarshbo@narod.ru
422,Yevette,Antonsson,7,yantonssonbp@oracle.com
423,Armand,Rowlings,2,arowlingsbq@weebly.com
424,Leeann,Fenna,9,lfennabr@irs.gov
425,Fred,Yo,2,fyobs@vkontakte.ru
426,Cull,De Beneditti,2,cdebenedittibt@comcast.net
427,Devondra,Papa,1,dpapabu@mozilla.com
428,Marc,Ruste,2,mrustebv@nbcnews.com
429,Lu,Cantopher,10,lcantopherbw@blogtalkradio.com
430,Chandra,Jakaway,2,cjakawaybx@chronoengine.com
431,Kacy,Rieger,3,kriegerby@cyberchimps.com
432,Cordell,Dallow,9,cdallowbz@liveinternet.ru
433,Janessa,Whines,5,jwhinesc0@businessweek.com
434,Aeriel,Heaseman,6,aheasemanc1@cam.ac.uk
435,Julian,Parades,8,jparadesc2@wp.com
436,Doloritas,Rahlof,6,drahlofc3@marriott.com
437,Huntlee,Gude,1,hgudec4@wunderground.com
438,Jud,Thickett,9,jthickettc5@istockphoto.com
439,Dell,Turbefield,3,dturbefieldc6@adobe.com
440,Cherri,Saladine,2,csaladinec7@cmu.edu
441,Theodor,Pantone,4,tpantonec8@merriam-webster.com
442,Corinna,Grayne,5,cgraynec9@alibaba.com
443,Pia,Rubinfeld,7,prubinfeldca@businessinsider.com
444,Gwendolen,Simonite,1,gsimonitecb@gravatar.com
445,Diana,Muselli,7,dmusellicc@newsvine.com
446,Marlie,Cahalin,3,mcahalincd@sohu.com
447,Terrijo,Cankett,3,tcankettce@businessweek.com
448,Cloe,Silson,6,csilsoncf@java.com
449,Kelci,Burrells,10,kburrellscg@linkedin.com
450,Elbert,Frie,1,efriech@ow.ly
451,Liv,Scargill,6,lscargillci@pinterest.com
452,Yolanthe,Vogeler,4,yvogelercj@wikia.com
453,Blithe,Kinnane,3,bkinnaneck@stanford.edu
454,Grata,Langhorn,4,glanghorncl@apache.org
455,Cthrine,Hartridge,4,chartridgecm@comcast.net
456,Heinrik,Pandey,8,hpandeycn@biblegateway.com
457,Kelsey,Rude,9,krudeco@wiley.com
458,Estel,Cubitt,3,ecubittcp@bluehost.com
459,Tally,Peoples,2,tpeoplescq@taobao.com
460,Alexandros,Turford,8,aturfordcr@gizmodo.com
461,Jen,Belz,1,jbelzcs@gravatar.com
462,Chalmers,Abeles,3,cabelesct@guardian.co.uk
463,Diane-marie,Willox,7,dwilloxcu@cnn.com
464,Yelena,Miranda,4,ymirandacv@pinterest.com
465,Sullivan,Bacchus,2,sbacchuscw@acquirethisname.com
466,Beckie,Silliman,4,bsillimancx@reference.com
467,Matthias,Farfull,9,mfarfullcy@java.com
468,Tammy,Smither,7,tsmithercz@usda.gov
469,Lyndsey,Hamfleet,2,lhamfleetd0@yandex.ru
470,Carolus,Kalker,4,ckalkerd1@wsj.com
471,Aleda,Piegrome,7,apiegromed2@youtube.com
472,Abigale,Haliday,6,ahalidayd3@edublogs.org
473,Haleigh,Tacey,2,htaceyd4@usatoday.com
474,Pace,Wemyss,2,pwemyssd5@mozilla.com
475,Neville,Challenger,5,nchallengerd6@nih.gov
476,Dianemarie,Vigar,8,dvigard7@va.gov
477,Carree,Leall,6,clealld8@ovh.net
478,Kerwinn,Gertz,7,kgertzd9@vimeo.com
479,Shandra,Tippetts,9,stippettsda@ox.ac.uk
480,Linea,Labin,8,llabindb@weibo.com
481,Martino,Luckett,6,mluckettdc@flickr.com
482,Kerby,Schimmang,6,kschimmangdd@kickstarter.com
483,Wally,Benedetti,7,wbenedettide@soup.io
484,Kathye,De Courtney,9,kdecourtneydf@reverbnation.com
485,Jaquelin,Flewin,4,jflewindg@usnews.com
486,Quint,Alejandro,5,qalejandrodh@storify.com
487,Gwenette,Bass,3,gbassdi@google.com.br
488,Shayna,Tetford,6,stetforddj@wiley.com
489,Tobias,Bonhill,8,tbonhilldk@gizmodo.com
490,Dennison,Liccardi,5,dliccardidl@businessweek.com
491,Guthrey,Dibben,9,gdibbendm@mashable.com
492,Walker,Wagg,3,wwaggdn@de.vu
493,Fletcher,Skipper,4,fskipperdo@mlb.com
494,Cindy,Josefs,3,cjosefsdp@youtu.be
495,Janina,Zamudio,4,jzamudiodq@hhs.gov
496,Ed,Haye,8,ehayedr@typepad.com
497,Erhard,MacShirrie,8,emacshirrieds@blogspot.com
498,Jeffie,Fedynski,3,jfedynskidt@boston.com
499,Arda,Pickervance,6,apickervancedu@moonfruit.com
500,Robby,Thomasen,7,rthomasendv@goodreads.com
501,Remus,MacElharge,8,rmacelhargedw@slashdot.org
502,Joannes,Josefson,5,jjosefsondx@cbsnews.com
503,Trevar,Jancso,10,tjancsody@cmu.edu
504,Reyna,Wofenden,7,rwofendendz@prnewswire.com
505,Renado,Sapsforde,1,rsapsfordee0@theguardian.com
506,Stormi,O'Sheerin,8,sosheerine1@ocn.ne.jp
507,Sauncho,Jados,4,sjadose2@clickbank.net
508,Adolphus,Goodbarr,2,agoodbarre3@histats.com
509,Rowney,Josum,1,rjosume4@google.com
510,Danila,Fildery,2,dfilderye5@oracle.com
511,Clemmy,Moffet,4,cmoffete6@slashdot.org
512,Rube,Statton,5,rstattone7@wordpress.org
513,Kenneth,Shurmer,2,kshurmere8@disqus.com
514,Normand,Grinin,6,ngrinine9@hc360.com
515,Shirlene,McGerraghty,8,smcgerraghtyea@comsenz.com
516,Rad,Bluck,3,rbluckeb@a8.net
517,Almeta,Peddar,3,apeddarec@alibaba.com
518,Consalve,Juarez,7,cjuarezed@live.com
519,Vanda,Swainsbury,7,vswainsburyee@mediafire.com
520,Gaultiero,Ragless,10,graglessef@myspace.com
521,Kilian,Stubbings,10,kstubbingseg@businessweek.com
522,Jemimah,Macklin,7,jmacklineh@sbwire.com
523,Alleen,Linzee,6,alinzeeei@acquirethisname.com
524,Lilith,Wisam,1,lwisamej@usa.gov
525,Dorita,Abele,7,dabeleek@marriott.com
526,Giusto,Trenaman,7,gtrenamanel@msu.edu
527,Araldo,Maden,2,amadenem@ustream.tv
528,Salem,Salliss,6,ssallissen@wordpress.com
529,Cordy,Aldus,8,calduseo@thetimes.co.uk
530,Virge,Duiguid,10,vduiguidep@opensource.org
531,Quentin,Hinken,4,qhinkeneq@goodreads.com
532,Dierdre,Brinson,10,dbrinsoner@nps.gov
533,Cal,Bergeon,7,cbergeones@gravatar.com
534,Vania,Jiran,7,vjiranet@nih.gov
535,Isaac,Humbie,5,ihumbieeu@cocolog-nifty.com
536,Urbanus,Splain,5,usplainev@bravesites.com
537,Rozalin,Munnings,6,rmunningsew@tmall.com
538,Valdemar,Georgius,5,vgeorgiusex@live.com
539,Garvin,Gyrgorwicx,8,ggyrgorwicxey@yellowbook.com
540,Karon,Troke,10,ktrokeez@senate.gov
541,Kylie,Hendriksen,2,khendriksenf0@vistaprint.com
542,Olivier,Jimson,4,ojimsonf1@printfriendly.com
543,Kerstin,Grizard,3,kgrizardf2@webs.com
544,Prudence,Pettican,7,ppetticanf3@time.com
545,Corey,Wallbridge,7,cwallbridgef4@hhs.gov
546,Bond,Pitkin,2,bpitkinf5@oakley.com
547,Leif,Alpine,5,lalpinef6@google.es
548,Myrwyn,Vreiberg,5,mvreibergf7@reuters.com
549,Elena,Popplewell,6,epopplewellf8@theglobeandmail.com
550,Helaina,Lowndsborough,1,hlowndsboroughf9@msn.com
551,Sheela,Kringe,1,skringefa@nba.com
552,Lloyd,Bradshaw,2,lbradshawfb@fastcompany.com
553,Yolanda,Simonnot,7,ysimonnotfc@hubpages.com
554,Llywellyn,Fleckno,2,lflecknofd@ovh.net
555,Emalee,Simacek,1,esimacekfe@ibm.com
556,Erin,Connaughton,4,econnaughtonff@shop-pro.jp
557,Ferdy,Malone,7,fmalonefg@msn.com
558,Lorilyn,Goulden,2,lgouldenfh@over-blog.com
559,Fayth,Clemon,7,fclemonfi@google.ru
560,Maitilde,Formoy,10,mformoyfj@a8.net
561,Nikos,Artinstall,3,nartinstallfk@vk.com
562,Bail,Francioli,10,bfranciolifl@google.com
563,Gilbert,Ambrogini,9,gambroginifm@themeforest.net
564,Grata,Brik,9,gbrikfn@dedecms.com
565,Theodoric,Sawdy,10,tsawdyfo@slashdot.org
566,Emmott,Algy,9,ealgyfp@globo.com
567,Willyt,Enterlein,2,wenterleinfq@fotki.com
568,Earvin,Roughsedge,5,eroughsedgefr@histats.com
569,Laird,Bligh,2,lblighfs@hostgator.com
570,Roanne,Grand,4,rgrandft@hexun.com
571,Urson,Sergent,7,usergentfu@storify.com
572,Virgie,Sarfatti,10,vsarfattifv@multiply.com
573,Olivero,Sidebotton,10,osidebottonfw@kickstarter.com
574,Prinz,Shivlin,7,pshivlinfx@123-reg.co.uk
575,Ab,Wilfing,5,awilfingfy@amazonaws.com
576,Antone,Posen,4,aposenfz@elegantthemes.com
577,Anya,Pidgeley,8,apidgeleyg0@rakuten.co.jp
578,Dorian,Maddison,8,dmaddisong1@apple.com
579,Steve,Straneo,8,sstraneog2@newyorker.com
580,Julianna,O'Driscoll,5,jodriscollg3@over-blog.com
581,Ericka,Weth,4,ewethg4@ucoz.ru
582,Tarrance,Tookill,3,ttookillg5@friendfeed.com
583,Roarke,Pancast,10,rpancastg6@webeden.co.uk
584,Philippa,Sothcott,3,psothcottg7@ucla.edu
585,Cherianne,Dincke,9,cdinckeg8@eepurl.com
586,Mair,Pristnor,8,mpristnorg9@desdev.cn
587,Shell,Cafferty,1,scaffertyga@salon.com
588,Milicent,Kingett,1,mkingettgb@stanford.edu
589,Benyamin,Borgnol,10,bborgnolgc@microsoft.com
590,Deborah,Esherwood,9,desherwoodgd@senate.gov
591,Jolee,O'Geaney,1,jogeaneyge@accuweather.com
592,Lamond,Tench,1,ltenchgf@msu.edu
593,Lib,Eliasen,2,leliasengg@networkadvertising.org
594,Dorena,Vigars,9,dvigarsgh@mayoclinic.com
595,Randie,Gingell,4,rgingellgi@techcrunch.com
596,Yvette,Grigorian,1,ygrigoriangj@w3.org
597,Abel,Stygall,2,astygallgk@google.com
598,Tomlin,MacGillivray,7,tmacgillivraygl@livejournal.com
599,Toiboid,Dreus,1,tdreusgm@infoseek.co.jp
600,Zebulen,Padginton,7,zpadgintongn@biblegateway.com
601,Donnajean,Balderson,3,dbaldersongo@rambler.ru
602,Trudy,Iiannoni,3,tiiannonigp@booking.com
603,Hedi,Appleby,2,happlebygq@altervista.org
604,Bess,Freschi,3,bfreschigr@technorati.com
605,Lemmie,Longridge,4,llongridgegs@dyndns.org
606,Dodi,Dentith,3,ddentithgt@cbsnews.com
607,Henrik,Arran,7,harrangu@opensource.org
608,Reggi,Dach,1,rdachgv@angelfire.com
609,Domingo,O'Gready,5,dogreadygw@intel.com
610,Seymour,Rival,9,srivalgx@sciencedirect.com
611,Brock,Lyon,3,blyongy@redcross.org
612,Drucy,Descroix,4,ddescroixgz@bigcartel.com
613,Meg,Glasebrook,1,mglasebrookh0@sbwire.com
614,Robby,Ruske,3,rruskeh1@bloomberg.com
615,Ricki,Dowtry,7,rdowtryh2@ustream.tv
616,Christoforo,McCreedy,9,cmccreedyh3@thetimes.co.uk
617,Bibbye,Posvner,7,bposvnerh4@lycos.com
618,Brocky,Harmon,7,bharmonh5@adobe.com
619,Orelie,Cossentine,3,ocossentineh6@nhs.uk
620,Barry,Pulley,3,bpulleyh7@drupal.org
621,Myrvyn,Jiggen,7,mjiggenh8@bravesites.com
622,Jen,Duiged,4,jduigedh9@usda.gov
623,Nap,Whistlecroft,7,nwhistlecroftha@naver.com
624,Annice,Rydeard,4,arydeardhb@mlb.com
625,Gris,Gulliver,8,ggulliverhc@gravatar.com
626,Arel,Bryns,7,abrynshd@issuu.com
627,Raul,McMenamie,10,rmcmenamiehe@mozilla.org
628,Eziechiele,Fowlie,7,efowliehf@cbc.ca
629,Chariot,Dinnis,2,cdinnishg@slate.com
630,Tansy,Stent,4,tstenthh@tuttocitta.it
631,Albert,Skally,1,askallyhi@omniture.com
632,Halley,Offner,10,hoffnerhj@squarespace.com
633,Belle,Relton,10,breltonhk@prnewswire.com
634,Lira,Nise,4,lnisehl@boston.com
635,Laurella,Genike,4,lgenikehm@google.de
636,Oliviero,de Clercq,5,odeclercqhn@cam.ac.uk
637,Elmira,Huke,6,ehukeho@salon.com
638,Maxine,Firidolfi,2,mfiridolfihp@webnode.com
639,Betteanne,Tincknell,3,btincknellhq@yellowbook.com
640,Kylie,Hanselmann,4,khanselmannhr@vinaora.com
641,Tracee,Blamphin,7,tblamphinhs@domainmarket.com
642,Sibley,Morando,4,smorandoht@zimbio.com
643,Jakie,Trumpeter,9,jtrumpeterhu@psu.edu
644,Angus,Iacivelli,4,aiacivellihv@mail.ru
645,Aluin,Bole,5,abolehw@telegraph.co.uk
646,Clemente,Annandale,5,cannandalehx@csmonitor.com
647,Georas,Deerr,7,gdeerrhy@deliciousdays.com
648,Lilly,Powney,5,lpowneyhz@blog.com
649,Valerie,Hilling,1,vhillingi0@de.vu
650,Klemens,Braferton,2,kbrafertoni1@amazon.de
651,Graeme,Klaaasen,7,gklaaaseni2@clickbank.net
652,Lana,Hakking,1,lhakkingi3@nsw.gov.au
653,Allison,Monte,2,amontei4@stumbleupon.com
654,Grier,Methuen,10,gmethueni5@slashdot.org
655,Nadiya,Mowson,1,nmowsoni6@weebly.com
656,Diena,Faragan,8,dfaragani7@altervista.org
657,Neely,Hardage,5,nhardagei8@japanpost.jp
658,Judie,Vamplew,9,jvamplewi9@photobucket.com
659,Osmond,Renfree,6,orenfreeia@prlog.org
660,Alphonso,Urch,8,aurchib@barnesandnoble.com
661,Radcliffe,Ortell,3,rortellic@youtu.be
662,Nata,Itzkovici,10,nitzkoviciid@yale.edu
663,Carree,Mangenot,10,cmangenotie@amazon.com
664,Raddie,Reece,6,rreeceif@prnewswire.com
665,Lorant,Mayoral,9,lmayoralig@multiply.com
666,Grannie,Etchingham,2,getchinghamih@tamu.edu
667,Gerrard,Woolmore,10,gwoolmoreii@theatlantic.com
668,Ibby,Lippo,7,ilippoij@tamu.edu
669,Martica,Vany,3,mvanyik@nba.com
670,Bartel,Dodridge,3,bdodridgeil@facebook.com
671,Patrice,Veelers,4,pveelersim@kickstarter.com
672,Kelli,Rushton,5,krushtonin@dmoz.org
673,Arni,Streak,4,astreakio@mtv.com
674,Pebrook,MacGarvey,4,pmacgarveyip@theguardian.com
675,Sallee,Exter,8,sexteriq@upenn.edu
676,Donna,Jefferies,1,djefferiesir@dyndns.org
677,Michale,Kruszelnicki,4,mkruszelnickiis@printfriendly.com
678,Gisella,Barstow,2,gbarstowit@time.com
679,Germana,Aitkenhead,2,gaitkenheadiu@auda.org.au
680,Erma,Darque,3,edarqueiv@ihg.com
681,Tera,Olland,5,tollandiw@home.pl
682,Rowen,Laverack,1,rlaverackix@zdnet.com
683,Quinn,Sarsons,4,qsarsonsiy@comcast.net
684,Moreen,Palk,5,mpalkiz@last.fm
685,Mariquilla,Sciacovelli,4,msciacovellij0@taobao.com
686,Gabbi,Wadman,3,gwadmanj1@flickr.com
687,Jewel,Ramsbotham,6,jramsbothamj2@goo.gl
688,Happy,Calbaithe,6,hcalbaithej3@facebook.com
689,Valene,Syder,3,vsyderj4@usda.gov
690,Hieronymus,Duffil,10,hduffilj5@ucoz.ru
691,Minnnie,Baselio,10,mbaselioj6@arstechnica.com
692,Dorthy,Rembaud,5,drembaudj7@buzzfeed.com
693,Suki,Etienne,3,setiennej8@businessinsider.com
694,Joelly,Bogeys,6,jbogeysj9@list-manage.com
695,Dorine,Houndsom,6,dhoundsomja@yahoo.com
696,Yvonne,Gyer,4,ygyerjb@gizmodo.com
697,Reade,Schuler,9,rschulerjc@bandcamp.com
698,Jayson,Bollands,7,jbollandsjd@shutterfly.com
699,Taber,Kennelly,4,tkennellyje@ted.com
700,Chrystel,Lafay,7,clafayjf@salon.com
701,Land,Paris,6,lparisjg@com.com
702,Queenie,McComas,7,qmccomasjh@diigo.com
703,Bessy,Kincade,8,bkincadeji@illinois.edu
704,Robinet,Kilgrew,10,rkilgrewjj@samsung.com
705,Elisha,Pudden,6,epuddenjk@wired.com
706,Hervey,Harme,4,hharmejl@dell.com
707,Gwenette,Dake,1,gdakejm@wikipedia.org
708,Arte,Paulley,10,apaulleyjn@drupal.org
709,Felice,Elphick,8,felphickjo@webeden.co.uk
710,Giustina,Pester,1,gpesterjp@reference.com
711,Godfrey,Richardon,6,grichardonjq@bigcartel.com
712,Antoinette,Woollaston,6,awoollastonjr@reverbnation.com
713,Wynnie,Leigh,9,wleighjs@youku.com
714,Pearla,Jerram,5,pjerramjt@list-manage.com
715,Maible,Dreghorn,3,mdreghornju@adobe.com
716,Abbey,Mantle,5,amantlejv@ameblo.jp
717,Joleen,Stive,5,jstivejw@usda.gov
718,Dorothea,Mark,6,dmarkjx@springer.com
719,Lyndsie,Rosellini,7,lrosellinijy@chicagotribune.com
720,Atalanta,Fee,5,afeejz@vistaprint.com
721,Perceval,Minithorpe,9,pminithorpek0@seesaa.net
722,Godard,Perrington,4,gperringtonk1@ihg.com
723,Estrellita,Yakubowicz,2,eyakubowiczk2@issuu.com
724,Terry,Elfleet,10,telfleetk3@mac.com
725,Olag,Lattka,4,olattkak4@elpais.com
726,Rhody,Folling,5,rfollingk5@accuweather.com
727,Ignacius,Yanshinov,2,iyanshinovk6@booking.com
728,Heidi,Knowlton,9,hknowltonk7@flavors.me
729,Imelda,Philpin,3,iphilpink8@gov.uk
730,Ailee,Menicomb,5,amenicombk9@latimes.com
731,Lanita,Sukbhans,3,lsukbhanska@nps.gov
732,Arabela,Egle,6,aeglekb@washington.edu
733,Honoria,MacGall,2,hmacgallkc@deviantart.com
734,Lissie,Paulazzi,9,lpaulazzikd@artisteer.com
735,Ingeberg,Brinson,5,ibrinsonke@angelfire.com
736,Rebbecca,Wynrehame,4,rwynrehamekf@godaddy.com
737,Wait,Fursse,7,wfurssekg@nih.gov
738,Leland,Connors,7,lconnorskh@hc360.com
739,Barnett,McNee,10,bmcneeki@ucoz.com
740,Rolph,Stagge,10,rstaggekj@businessweek.com
741,Cecile,Burtwell,2,cburtwellkk@ed.gov
742,Gar,Rumin,6,gruminkl@usa.gov
743,Mildred,Soutter,4,msoutterkm@mlb.com
744,Hieronymus,Hanington,7,hhaningtonkn@webnode.com
745,Ikey,Tackett,3,itackettko@eventbrite.com
746,Lynda,Esler,6,leslerkp@youtube.com
747,Tann,Ohrt,8,tohrtkq@unblog.fr
748,Benoite,Cottage,8,bcottagekr@blog.com
749,Yale,O'Fogerty,9,yofogertyks@yellowbook.com
750,Florrie,Giotto,6,fgiottokt@multiply.com
751,Miof mela,Morigan,5,mmoriganku@opensource.org
752,Martina,Begbie,10,mbegbiekv@pen.io
753,Anna-diane,Danson,3,adansonkw@squarespace.com
754,Talbot,O'Duggan,3,toduggankx@rakuten.co.jp
755,Agace,Simes,1,asimesky@timesonline.co.uk
756,Beverly,Searl,1,bsearlkz@arizona.edu
757,Meridith,Cheetham,1,mcheethaml0@de.vu
758,Bernard,Vasilyevski,8,bvasilyevskil1@wordpress.com
759,Rusty,Herion,9,rherionl2@i2i.jp
760,Isidoro,Boarder,5,iboarderl3@cmu.edu
761,Roseline,Buss,9,rbussl4@dot.gov
762,Prent,Marques,3,pmarquesl5@usgs.gov
763,Bili,de Glanville,1,bdeglanvillel6@list-manage.com
764,Celesta,Tuff,5,ctuffl7@dedecms.com
765,Celestyn,Shay,8,cshayl8@cdbaby.com
766,Brig,Loughton,7,bloughtonl9@hexun.com
767,Gifford,Murricanes,4,gmurricanesla@bbb.org
768,Cristiano,Luff,4,clufflb@ocn.ne.jp
769,Wells,Splevin,2,wsplevinlc@bandcamp.com
770,Lin,Gobel,4,lgobelld@google.com
771,Hedi,Tregunna,5,htregunnale@google.it
772,Granville,Halpen,3,ghalpenlf@wiley.com
773,Hesther,Jobes,4,hjobeslg@meetup.com
774,Carma,Laskey,9,claskeylh@hud.gov
775,Peadar,Bolam,3,pbolamli@spotify.com
776,Rustin,Salvadori,7,rsalvadorilj@163.com
777,Mariette,Hanratty,7,mhanrattylk@cafepress.com
778,Karin,Fero,5,kferoll@smugmug.com
779,Antoine,Beddingham,10,abeddinghamlm@miitbeian.gov.cn
780,Carly,Hedges,3,chedgesln@prnewswire.com
781,Hazlett,Zoppie,7,hzoppielo@toplist.cz
782,Antonetta,Kingsland,6,akingslandlp@ted.com
783,Mason,Dyott,9,mdyottlq@adobe.com
784,Catlee,Kann,8,ckannlr@earthlink.net
785,Meris,Jeayes,10,mjeayesls@ezinearticles.com
786,Prisca,Livezey,2,plivezeylt@google.com.br
787,Kaila,Gosney,9,kgosneylu@latimes.com
788,Asa,Halson,9,ahalsonlv@symantec.com
789,Matilda,Laminman,3,mlaminmanlw@1688.com
790,Moreen,Janous,7,mjanouslx@bizjournals.com
791,Ruth,Sandell,3,rsandellly@japanpost.jp
792,Sydel,Drinnan,9,sdrinnanlz@wordpress.org
793,Kristine,Phelit,5,kphelitm0@fda.gov
794,Gareth,Cello,5,gcellom1@drupal.org
795,Ryan,Sidwell,4,rsidwellm2@cbc.ca
796,Corey,Braunlein,3,cbraunleinm3@arstechnica.com
797,Jaynell,Willoughby,1,jwilloughbym4@reddit.com
798,Paul,Ledger,9,pledgerm5@webmd.com
799,Asa,Thandi,9,athandim6@nationalgeographic.com
800,Delphine,Cammocke,5,dcammockem7@fda.gov
801,Estel,Miroy,6,emiroym8@indiatimes.com
802,Darrel,Thumann,10,dthumannm9@vkontakte.ru
803,Jacquie,Castillo,2,jcastilloma@networksolutions.com
804,Meade,Scholl,9,mschollmb@techcrunch.com
805,Zaneta,Bauldrey,8,zbauldreymc@columbia.edu
806,Vail,Fullun,1,vfullunmd@mtv.com
807,Tanya,Aleavy,4,taleavyme@wikispaces.com
808,Artur,Pietrzyk,7,apietrzykmf@narod.ru
809,Lynn,Callendar,7,lcallendarmg@bloomberg.com
810,Valli,ducarme,3,vducarmemh@t.co
811,Nial,Cull,6,ncullmi@upenn.edu
812,Lizette,Plester,8,lplestermj@spotify.com
813,Corinna,Dyke,9,cdykemk@cnn.com
814,Shena,Cavendish,2,scavendishml@bing.com
815,Pierette,Casier,2,pcasiermm@skype.com
816,Kennan,Hadlow,8,khadlowmn@canalblog.com
817,Ahmad,Imorts,9,aimortsmo@home.pl
818,Tatiana,Skettles,2,tskettlesmp@telegraph.co.uk
819,Kearney,O'Brogane,8,kobroganemq@washington.edu
820,Drugi,Husband,1,dhusbandmr@creativecommons.org
821,Daisey,MacMurray,3,dmacmurrayms@mashable.com
822,Shermie,Trenam,7,strenammt@craigslist.org
823,Hunt,Bragginton,10,hbraggintonmu@zdnet.com
824,Shellie,Brightman,5,sbrightmanmv@loc.gov
825,Maurine,Chatband,1,mchatbandmw@pinterest.com
826,Traci,Nunns,4,tnunnsmx@over-blog.com
827,Margret,Pilsworth,1,mpilsworthmy@webs.com
828,Judon,Shuxsmith,10,jshuxsmithmz@go.com
829,Codie,McLelland,6,cmclellandn0@hhs.gov
830,Peyter,Haskur,9,phaskurn1@mashable.com
831,Susannah,Trace,6,stracen2@nymag.com
832,Chas,Stopper,10,cstoppern3@livejournal.com
833,Kalvin,Fulkes,2,kfulkesn4@qq.com
834,Pepillo,Wisden,1,pwisdenn5@unblog.fr
835,Carl,Dilley,2,cdilleyn6@imgur.com
836,Garek,Gait,1,ggaitn7@google.co.jp
837,Gwenneth,Fowkes,2,gfowkesn8@networksolutions.com
838,Stephanus,Sessions,9,ssessionsn9@twitpic.com
839,Shandee,Danihelka,10,sdanihelkana@prlog.org
840,Fey,Dussy,2,fdussynb@edublogs.org
841,Nessy,Foort,9,nfoortnc@indiegogo.com
842,Eveline,Clutten,4,ecluttennd@purevolume.com
843,Adah,Filipic,1,afilipicne@usgs.gov
844,Delcine,Reiners,5,dreinersnf@skype.com
845,Trudy,Frobisher,7,tfrobisherng@yale.edu
846,Darcie,Attreed,3,dattreednh@admin.ch
847,Yettie,Henriques,9,yhenriquesni@amazon.com
848,Husain,Henrie,6,hhenrienj@artisteer.com
849,Kenna,Smeall,2,ksmeallnk@patch.com
850,Row,Brosini,7,rbrosininl@oakley.com
851,Gerrie,Kapiloff,5,gkapiloffnm@nyu.edu
852,Cointon,Gorioli,2,cgoriolinn@ted.com
853,Blakelee,Smallman,7,bsmallmanno@fotki.com
854,Filide,McElwee,8,fmcelweenp@blog.com
855,Donny,Lipmann,6,dlipmannnq@cnn.com
856,Wyatt,Housbie,2,whousbienr@seattletimes.com
857,Koressa,Benn,2,kbennns@salon.com
858,Vivien,Brugemann,2,vbrugemannnt@samsung.com
859,Jeanine,Foxwell,7,jfoxwellnu@ucoz.ru
860,Elane,Dorset,10,edorsetnv@biblegateway.com
861,Fey,Hartley,10,fhartleynw@house.gov
862,Edd,Twelves,6,etwelvesnx@time.com
863,Sharia,Herion,7,sherionny@flickr.com
864,Farah,Taylder,8,ftayldernz@odnoklassniki.ru
865,Syd,Mudie,5,smudieo0@istockphoto.com
866,Chadd,Fairtlough,5,cfairtlougho1@surveymonkey.com
867,Kelcie,McAnellye,7,kmcanellyeo2@mit.edu
868,Geoffrey,Eddowis,6,geddowiso3@imageshack.us
869,Tuckie,Sawkins,2,tsawkinso4@msn.com
870,Andreana,Seyler,8,aseylero5@t-online.de
871,Krishna,Orcas,1,korcaso6@soundcloud.com
872,Zebulen,McAnulty,9,zmcanultyo7@aol.com
873,Evin,Enston,1,eenstono8@princeton.edu
874,Lisetta,Gegay,4,lgegayo9@sciencedaily.com
875,Kendrick,Santello,3,ksantellooa@pen.io
876,Waylen,Rickerby,6,wrickerbyob@sourceforge.net
877,Pauletta,Gerrelt,2,pgerreltoc@nymag.com
878,Vonni,McKinstry,6,vmckinstryod@howstuffworks.com
879,Arlette,Lindley,1,alindleyoe@msn.com
880,Libbey,Van Hesteren,8,lvanhesterenof@cbsnews.com
881,Vikki,Suttaby,10,vsuttabyog@wordpress.com
882,Corette,Billanie,10,cbillanieoh@icio.us
883,Keir,Zamudio,8,kzamudiooi@usgs.gov
884,Deanna,Rummins,5,drumminsoj@sciencedirect.com
885,Demeter,Kase,6,dkaseok@liveinternet.ru
886,Karisa,Marner,7,kmarnerol@scientificamerican.com
887,Morena,Wybern,5,mwybernom@vinaora.com
888,Ugo,Mathy,1,umathyon@washingtonpost.com
889,Jania,Callear,5,jcallearoo@un.org
890,Vidovic,Wickwar,9,vwickwarop@cisco.com
891,Kent,Farfalameev,5,kfarfalameevoq@unblog.fr
892,Bordie,Dahmke,4,bdahmkeor@1688.com
893,Ring,Pittson,8,rpittsonos@china.com.cn
894,Kath,Jurisic,10,kjurisicot@freewebs.com
895,Annamarie,Bruster,9,abrusterou@weebly.com
896,Aurel,Sally,7,asallyov@angelfire.com
897,Jo-ann,Truscott,4,jtruscottow@google.pl
898,Emmey,Buck,8,ebuckox@mlb.com
899,Fletch,Stailey,7,fstaileyoy@sakura.ne.jp
900,Garek,Giraudo,10,ggiraudooz@lulu.com
901,Guglielmo,Costa,10,gcostap0@bandcamp.com
902,Lena,Arnowicz,1,larnowiczp1@techcrunch.com
903,Hamlin,Gainsbury,2,hgainsburyp2@issuu.com
904,Dionis,Francescotti,7,dfrancescottip3@bloglovin.com
905,Finley,Kidston,2,fkidstonp4@senate.gov
906,Ennis,Gres,1,egresp5@yale.edu
907,Colly,McGougan,1,cmcgouganp6@oracle.com
908,Raoul,Matthews,6,rmatthewsp7@photobucket.com
909,Oberon,Aizikovitz,10,oaizikovitzp8@theguardian.com
910,Blanche,Gebhard,6,bgebhardp9@wiley.com
911,Gregoor,Rose,7,grosepa@soup.io
912,Arne,Clemonts,8,aclemontspb@cloudflare.com
913,Florette,Proudler,6,fproudlerpc@php.net
914,Elfrida,Gadeaux,2,egadeauxpd@yolasite.com
915,Mendy,Michel,8,mmichelpe@reference.com
916,Forrest,Folcarelli,10,ffolcarellipf@japanpost.jp
917,Mathias,Langston,3,mlangstonpg@cbc.ca
918,Terrill,De Vries,3,tdevriesph@vkontakte.ru
919,Tailor,Gerish,3,tgerishpi@discovery.com
920,Gustave,Ilyuchyov,6,gilyuchyovpj@dyndns.org
921,Baxie,Pothergill,9,bpothergillpk@com.com
922,Abbot,Claire,4,aclairepl@shutterfly.com
923,Lonna,Pinniger,10,lpinnigerpm@sun.com
924,Hiram,Troni,8,htronipn@1688.com
925,Delia,McCanny,2,dmccannypo@naver.com
926,Corrianne,Khomin,4,ckhominpp@huffingtonpost.com
927,Raphaela,Sumshon,9,rsumshonpq@latimes.com
928,Lyndy,Delhay,7,ldelhaypr@diigo.com
929,Wiatt,Dewan,4,wdewanps@wufoo.com
930,Durand,Terren,3,dterrenpt@go.com
931,Fonzie,Rack,7,frackpu@biblegateway.com
932,Tait,Bakhrushkin,8,tbakhrushkinpv@nhs.uk
933,Danice,Kermath,8,dkermathpw@indiegogo.com
934,Marji,Emmerson,8,memmersonpx@360.cn
935,Stinky,Purkis,1,spurkispy@diigo.com
936,Lemmie,MacDonough,5,lmacdonoughpz@springer.com
937,Kyrstin,Bigby,9,kbigbyq0@aboutads.info
938,Stafani,Skillicorn,4,sskillicornq1@webeden.co.uk
939,Walker,I'anson,2,wiansonq2@merriam-webster.com
940,Jecho,Fishbourne,10,jfishbourneq3@reuters.com
941,Farra,Cobelli,1,fcobelliq4@globo.com
942,Alon,Powney,4,apowneyq5@1und1.de
943,Madalena,Andrea,1,mandreaq6@nifty.com
944,Isador,Garrand,4,igarrandq7@linkedin.com
945,Emelyne,Emett,5,eemettq8@webeden.co.uk
946,Darlleen,Goady,10,dgoadyq9@amazonaws.com
947,Hewitt,Ryson,2,hrysonqa@columbia.edu
948,Hal,Tames,5,htamesqb@goodreads.com
949,Finley,Verring,1,fverringqc@mozilla.com
950,Barri,Marklew,3,bmarklewqd@instagram.com
951,Donielle,Abele,8,dabeleqe@elegantthemes.com
952,Marco,Gebhardt,10,mgebhardtqf@redcross.org
953,Jedediah,Scruby,2,jscrubyqg@vinaora.com
954,Kerstin,Onthank,7,konthankqh@networkadvertising.org
955,Norris,Skottle,1,nskottleqi@illinois.edu
956,Karlis,Durnall,2,kdurnallqj@bloglovin.com
957,Zuzana,Remnant,5,zremnantqk@ezinearticles.com
958,Sansone,Corrao,1,scorraoql@alexa.com
959,Keriann,Reagan,5,kreaganqm@google.nl
960,Dorey,Radley,4,dradleyqn@de.vu
961,Kenton,Birley,5,kbirleyqo@jimdo.com
962,Fidelia,Goodburn,1,fgoodburnqp@hatena.ne.jp
963,Vin,Sacaze,1,vsacazeqq@taobao.com
964,Ahmed,Wattins,6,awattinsqr@icio.us
965,Liam,Pleaden,7,lpleadenqs@jimdo.com
966,Florian,Whitworth,5,fwhitworthqt@china.com.cn
967,Derrek,Ben-Aharon,5,dbenaharonqu@squarespace.com
968,Valma,Conrard,4,vconrardqv@goo.ne.jp
969,Brewer,Carrell,1,bcarrellqw@economist.com
970,Stacee,Ozanne,3,sozanneqx@smh.com.au
971,Joana,Jirik,5,jjirikqy@bizjournals.com
972,Liva,Marrow,7,lmarrowqz@alexa.com
973,Elianore,Luscombe,9,eluscomber0@amazonaws.com
974,Jake,McDougald,2,jmcdougaldr1@hibu.com
975,Andie,Di Giacomo,8,adigiacomor2@engadget.com
976,Wake,Garret,9,wgarretr3@webeden.co.uk
977,Briney,Piolli,8,bpiollir4@nhs.uk
978,Lefty,Darch,2,ldarchr5@ifeng.com
979,Jacenta,Lamke,9,jlamker6@sitemeter.com
980,Ginnie,Aldwich,5,galdwichr7@over-blog.com
981,Jewel,Lorence,5,jlorencer8@vistaprint.com
982,Avril,Pallatina,2,apallatinar9@usnews.com
983,Rozalie,Sleight,9,rsleightra@apple.com
984,Ario,Dewsbury,3,adewsburyrb@t.co
985,Gayler,Scudder,5,gscudderrc@nifty.com
986,Clay,Matteoli,2,cmatteolird@example.com
987,Ana,Cartlidge,4,acartlidgere@pagesperso-orange.fr
988,Nanon,McFeat,3,nmcfeatrf@state.gov
989,Tibold,Huntington,1,thuntingtonrg@ed.gov
990,Florance,Alonso,9,falonsorh@baidu.com
991,Thor,Matthiae,6,tmatthiaeri@php.net
992,Ado,Angerstein,1,aangersteinrj@hhs.gov
993,Fairlie,Keysall,2,fkeysallrk@newyorker.com
994,Trenton,Gohier,2,tgohierrl@slideshare.net
995,Teresita,Stackbridge,7,tstackbridgerm@meetup.com
996,Chanda,Gennrich,5,cgennrichrn@un.org
997,Lianna,Dabernott,10,ldabernottro@statcounter.com
998,Lucas,Ezzle,1,lezzlerp@xing.com
999,Roderick,Haney,10,rhaneyrq@surveymonkey.com
1000,Tyne,Hodgin,7,thodginrr@prlog.org
